website,loc,lastmod,cured_name
GuyInACube,https://www.youtube.com/watch?v=y2rWzSFStZ8,2025-05-21,Microsoft Fabric CLI: Turbo-charge Ops with Retro Command-Line Power
GuyInACube,https://www.youtube.com/watch?v=mFoSVcj6tLw,2025-05-15,From Query to Conversation: Microsoft Fabric’s Data Agents Explained
GuyInACube,https://www.youtube.com/watch?v=EsLowvRjHvc,2025-05-14,Power Query IN = Multi‑Select Win for Power BI Paginated Reports
GuyInACube,https://www.youtube.com/watch?v=APtPtAwFv-Q,2025-05-08,Can Marthe fix Patrick&#39;s Power BI Report?
GuyInACube,https://www.youtube.com/watch?v=2pHrN-0ld6I,2025-05-07,"One Source, Zero Duplicates - Microsoft Purview Data Products FTW"
GuyInACube,https://www.youtube.com/watch?v=i2dGafRFxhc,2025-05-04,"REPLAY Microsoft Power BI / Fabric Q&amp;A - LIVE (May 3, 2025)"
GuyInACube,https://www.youtube.com/watch?v=QH2sQdm-ySw,2025-05-01,PowerPoint + Power BI Annotations: Next-Level Storytelling
GuyInACube,https://www.youtube.com/watch?v=R1pXtl4uAtk,2025-04-30,Stop Guessing Colors: Legends That Guide in Power BI
GuyInACube,https://www.youtube.com/watch?v=-4GvHHCQJGE,2025-04-26,"REPLAY Microsoft Power BI / Fabric Q&amp;A - LIVE w/ Matthew Roche (April 26, 2025)"
GuyInACube,https://www.youtube.com/watch?v=DADXwU0XyIY,2025-04-19,"REPLAY Microsoft Power BI / Fabric Q&amp;A - LIVE (April 19, 2025)"
GuyInACube,https://www.youtube.com/watch?v=AuZzvobcjKg,2025-04-17,Patrick Saves Your Delta Table
GuyInACube,https://www.youtube.com/watch?v=G_-N2VMO8C0,2025-04-16,This New Fabric Monitoring Tool Made My Job 10x Easier!
GuyInACube,https://www.youtube.com/watch?v=YnAMpCoK-TQ,2025-04-10,Create your first Microsoft Fabric Capacity
GuyInACube,https://www.youtube.com/watch?v=HLlSSYsnv5k,2025-04-09,Level‑Up Your Data Strategy with Purview Data Products
GuyInACube,https://www.youtube.com/watch?v=P8qhCig7j1g,2025-04-03,Governance 101: Purview connected to Microsoft Fabric
GuyInACube,https://www.youtube.com/watch?v=FtsYYZpH6S4,2025-04-02,Ditch the Publish Button in Power BI Desktop
GuyInACube,https://www.youtube.com/watch?v=h8s1UGDbfRc,2025-03-27,Let Copilot Fly Your Power Query in Microsoft Fabric
GuyInACube,https://www.youtube.com/watch?v=6gS7_ds5odE,2025-03-26,No Copilot? No Problem: Power Query&#39;s AI to the Rescue!
GuyInACube,https://www.youtube.com/watch?v=UGWGeFfzAfI,2025-03-22,"REPLAY Microsoft Power BI / Fabric Q&amp;A - LIVE (March 22, 2025)"
GuyInACube,https://www.youtube.com/watch?v=WrkCVvVVzt4,2025-03-20,Watch Me Build Microsoft Purview From SCRATCH
GuyInACube,https://www.youtube.com/watch?v=ZjZlmrykpc0,2025-03-19,"Harvesting Insights, Block by Block (Minecraft + Microsoft Fabric)"
GuyInACube,https://www.youtube.com/watch?v=FFsWEqrTRHE,2025-03-13,Connection woes using Power BI Direct Lake and an App???
GuyInACube,https://www.youtube.com/watch?v=KOlC6Qil5j4,2025-03-12,Now’s the Moment: Move from Power BI Premium to Microsoft Fabric
GuyInACube,https://www.youtube.com/watch?v=8v1O0WHtgO0,2025-03-08,"REPLAY Microsoft Power BI / Fabric Q&amp;A - LIVE (March 8, 2025)"
GuyInACube,https://www.youtube.com/watch?v=cwl5gzFeOXA,2025-03-06,Unleash Data Governance with Microsoft Purview &amp; Microsoft Fabric
GuyInACube,https://www.youtube.com/watch?v=4pxJXwrfNKs,2025-03-05,What about relationships with Multiple facts in Power BI?
GuyInACube,https://www.youtube.com/watch?v=00rPy4NrvLg,2025-02-27,Conquer Circular Dependencies: Sort Months Effortlessly in Power BI
GuyInACube,https://www.youtube.com/watch?v=G6JslLzzOp0,2025-02-26,How I Fixed 1000+ Power BI Comments in ONE Day!
GuyInACube,https://www.youtube.com/watch?v=7TrXbrx2JOk,2025-02-20,Multiple Fact Tables in Power BI Made Simple and FAST!
GuyInACube,https://www.youtube.com/watch?v=AvwVVA18VPg,2025-02-19,How to Make Your PowerPoint Presentations 10X More Powerful?
GuyInACube,https://www.youtube.com/watch?v=MhjlyEWnabM,2025-02-13,Your Connections are a MESS! Let&#39;s clean it up...
GuyInACube,https://www.youtube.com/watch?v=KEnJt67EdbE,2025-02-12,Upgrade to a free Microsoft Fabric Trial? I already have capacity!
GuyInACube,https://www.youtube.com/watch?v=DfxSlERPhYM,2025-02-05,Mirror or Shortcut with Azure Databricks in Microsoft Fabric? YES!!!
GuyInACube,https://www.youtube.com/watch?v=rqOJSogcIhk,2025-01-30,All this Microsoft Fabric... What about Power BI?
GuyInACube,https://www.youtube.com/watch?v=5I8yzn8oDAo,2025-01-29,STOP Using Measures in Power BI Until You See This!
GuyInACube,https://www.youtube.com/watch?v=-YKZ5yNGkhU,2025-01-28,Collin shares how community helped him with Power BI! #microsoftfabric
GuyInACube,https://www.youtube.com/watch?v=tSihNwLsWWg,2025-01-25,"REPLAY Microsoft Power BI / Fabric Q&amp;A - LIVE (Jan 25, 2025)"
GuyInACube,https://www.youtube.com/watch?v=WxzC-z4J4ME,2025-01-23,Take over an Unmanaged Tenant in Microsoft Entra ID
GuyInACube,https://www.youtube.com/watch?v=kFQ-dNBUUF4,2025-01-22,How to add a Calc Column to Power BI Direct Lake models
GuyInACube,https://www.youtube.com/watch?v=PUr8v_qR9UI,2025-01-21,Get involved in the Microsoft Fabric Community!
GuyInACube,https://www.youtube.com/watch?v=R09155bnz1A,2025-01-18,"REPLAY Microsoft Power BI / Fabric Q&amp;A - LIVE (Jan 18, 2025)"
GuyInACube,https://www.youtube.com/watch?v=3hGE27cgvd4,2025-01-15,Microsoft Fabric Pipeline Nightmare! What Went Wrong?
GuyInACube,https://www.youtube.com/watch?v=YICQZRE4h34,2025-01-14,Be a Microsoft Fabric Super User #MicrosoftFabric
GuyInACube,https://www.youtube.com/watch?v=_nXC_FlChcE,2025-01-11,"REPLAY Microsoft Power BI / Fabric Q&amp;A - LIVE (Jan 11, 2025)"
GuyInACube,https://www.youtube.com/watch?v=sQKX_YN35uk,2025-01-09,What is an Unmanaged Tenant in Entra ID with Microsoft Fabric / Power BI
GuyInACube,https://www.youtube.com/watch?v=XI94dJyxHwU,2025-01-08,Keep your secrets SAFE in Microsoft Fabric and Azure Key Vault
GuyInACube,https://www.youtube.com/watch?v=OFBL2PcVqQU,2024-12-19,Your Microsoft Fabric Is a Mess Without DOMAINS!
GuyInACube,https://www.youtube.com/watch?v=OlEqYeWfPeM,2024-12-18,OneLake Integration for Power BI Semantic Models
GuyInACube,https://www.youtube.com/watch?v=T9cc3USGipY,2024-12-14,"REPLAY Microsoft Power BI / Fabric Q&amp;A - LIVE (Dec 14, 2024)"
GuyInACube,https://www.youtube.com/watch?v=vKq9vNxH-24,2024-12-12,Tracing your Power BI Report
GuyInACube,https://www.youtube.com/watch?v=hlY4JhqU1nc,2024-12-11,Rebinding your Power BI Report with Semantic Link Labs
GuyInACube,https://www.youtube.com/watch?v=4yaUDHAi-WY,2024-12-05,Migrate your Power BI Semantic Models to Direct Lake
GuyInACube,https://www.youtube.com/watch?v=zIAvV1OIN6I,2024-12-04,Leverage Copy Job to copy in the latest file in Data Factory
GuyInACube,https://www.youtube.com/watch?v=liTy0eToSPg,2024-11-07,Edit your Direct Lake models directly in Power BI Desktop!
GuyInACube,https://www.youtube.com/watch?v=Bjd0RKL_KIw,2024-10-24,Power BI Desktop Gets a DARK MODE Makeover!
GuyInACube,https://www.youtube.com/watch?v=2_47DOwjCX0,2024-10-23,Why not a date and time table in Power BI instead?
GuyInACube,https://www.youtube.com/watch?v=T0nlsQ_hnRw,2024-10-17,A Few Ways GENERATE_SERIES Will Revolutionize Your Microsoft Fabric Warehouse Experience
GuyInACube,https://www.youtube.com/watch?v=WneMeSYMmFM,2024-10-02,Some GOTCHAs when using Mirroring in Microsoft Fabric
GuyInACube,https://www.youtube.com/watch?v=JMd1dVDrrTI,2024-09-26,Design Engaging Power BI Report Page Tooltips Effortlessly
GuyInACube,https://www.youtube.com/watch?v=sK9sA5ynYkI,2024-09-05,The Surprising Enhancements for DAX Query View in Power BI
GuyInACube,https://www.youtube.com/watch?v=iLYIx3QS508,2024-09-04,Expert Guide: GitHub Integration for Microsoft Fabric
GuyInACube,https://www.youtube.com/watch?v=TeutxliZVRU,2024-08-22,Which Microsoft Fabric SQL Analytics Endpoint should you use?
GuyInACube,https://www.youtube.com/watch?v=AGG1FdOWML8,2024-08-21,Dive into Power BI and Microsoft Fabric - IN PERSON - two events!
GuyInACube,https://www.youtube.com/watch?v=43bQYReo2q4,2024-07-28,"REPLAY Let&#39;s talk Microsoft Fabric - LIVE w/ Matthew Roche (July 27, 2024)"
GuyInACube,https://www.youtube.com/watch?v=aPrh4sK8CX4,2024-07-25,Happy little accidents with the Power BI Card Visual
GuyInACube,https://www.youtube.com/watch?v=HT_J1QiBLwA,2024-07-24,Creative way to use Sempy to update a Power BI report definition
GuyInACube,https://www.youtube.com/watch?v=4x0egkfZZJg,2024-07-21,"REPLAY Microsoft Fabric / Power BI Q&amp;A - LIVE (July 20, 2024)"
GuyInACube,https://www.youtube.com/watch?v=NRg4VkHSibU,2024-07-18,Overwhelmed with all the Microsoft Fabric Updates???
GuyInACube,https://www.youtube.com/watch?v=Fuk2FWYc8bs,2024-07-17,"Multiple DAX Measure updates in DAX Query View? Yes, Please!"
GuyInACube,https://www.youtube.com/watch?v=2yzBscO6GSc,2024-07-13,"REPLAY Microsoft Fabric / Power BI Q&amp;A - LIVE (July 13, 2024)"
GuyInACube,https://www.youtube.com/watch?v=qhnxJaLQAWk,2024-07-11,Discover Adam and Patrick&#39;s Epic 2024 Adventure
GuyInACube,https://www.youtube.com/watch?v=A1HM0_TevSg,2024-07-10,How to create a slick way to adjust your Power BI visual
GuyInACube,https://www.youtube.com/watch?v=OQKgnJkjJDI,2024-07-04,Leverage Power Query Parameters with Power BI Paginated reports
GuyInACube,https://www.youtube.com/watch?v=QI_5MD9qY2k,2024-07-03,Unlock Data Factory Power with Existing Connections
GuyInACube,https://www.youtube.com/watch?v=3O3VmBG0H94,2024-06-29,"REPLAY Microsoft Fabric / Power BI Q&amp;A - LIVE (June 29, 2024)"
GuyInACube,https://www.youtube.com/watch?v=6LvNrZpc9Q8,2024-06-20,Understanding Gateway Clusters in Microsoft Fabric
GuyInACube,https://www.youtube.com/watch?v=FbVh05_QlYo,2024-06-19,A look at the Microsoft Fabric Admin Portal
GuyInACube,https://www.youtube.com/watch?v=dz4bM_NzQQg,2024-06-13,Get started with the On-Premises Data Gateway in Microsoft Fabric
GuyInACube,https://www.youtube.com/watch?v=ftb2nN3eukg,2024-06-12,Get a custom endpoint without creating an EventHub for EventStreams
GuyInACube,https://www.youtube.com/watch?v=mXngl2ChBxM,2024-06-06,Update Data Sources within Deployment Pipelines
GuyInACube,https://www.youtube.com/watch?v=Noox00b8ZHo,2024-06-05,Reframe your Power BI Direct Lake Semantic Model
GuyInACube,https://www.youtube.com/watch?v=qIt2n46Qa7s,2024-05-30,Install Power BI Desktop the RIGHT WAY! (2024)
GuyInACube,https://www.youtube.com/watch?v=ZIu2bJxzsd8,2024-05-29,On-premises data with Data Factory in Microsoft Fabric
GuyInACube,https://www.youtube.com/watch?v=3GL_ZA3UnHA,2024-05-23,Ditch the whiteboard! Use Microsoft Fabric task flows!
GuyInACube,https://www.youtube.com/watch?v=-cGPyTq7Pq8,2024-05-22,Deliver your Power BI subscriptions to OneDrive or SharePoint!
GuyInACube,https://www.youtube.com/watch?v=nDH0fqAyUf4,2024-05-08,Unleash Your Power BI Mobile Audience Potential with Automated layouts!
GuyInACube,https://www.youtube.com/watch?v=R3vEFKtYfBI,2024-05-04,"REPLAY Let&#39;s talk Microsoft Fabric - LIVE w/ Matthew Roche (May 4, 2024)"
GuyInACube,https://www.youtube.com/watch?v=dEzq8LNcYdI,2024-05-02,Can&#39;t create a relationship? Time for a surrogate key in Power BI!
GuyInACube,https://www.youtube.com/watch?v=otRpzOZ8CBs,2024-05-01,Getting creative with a Line Chart in Power BI
GuyInACube,https://www.youtube.com/watch?v=iNm73rguVjY,2024-04-27,"REPLAY Microsoft Fabric / Power BI Q&amp;A w/ Kasper de Jonge (April 27, 2024)"
GuyInACube,https://www.youtube.com/watch?v=iNm73rguVjY,2024-04-27,"REPLAY Microsoft Fabric / Power BI Q&amp;A w/ Kasper de Jonge (April 27, 2024)"
GuyInACube,https://www.youtube.com/watch?v=eqKvvbMPNTs,2024-04-20,"REPLAY Microsoft Fabric / Power BI Q&amp;A w/ Marco Russo LIVE (April 20, 2024)"
GuyInACube,https://www.youtube.com/watch?v=zspWD9Cx1UI,2024-04-17,When Sorting Fails: Dynamic Formatting mistakes with Measures
GuyInACube,https://www.youtube.com/watch?v=3L69Mk3mvFM,2024-04-10,At last!!! Power Query within Power BI Report Builder!
GuyInACube,https://www.youtube.com/watch?v=IjC782SomBI,2024-04-06,"REPLAY Microsoft Fabric / Power BI Q&amp;A - LIVE (April 6, 2024)"
GuyInACube,https://www.youtube.com/watch?v=MJqMqbyUAgI,2024-04-03,Wait!?! It&#39;s the same data source! What&#39;s going on???
GuyInACube,https://www.youtube.com/watch?v=BKDSsCzRDMw,2024-03-30,REPLAY Microsoft Fabric / Power BI Q&amp;A - LIVE
GuyInACube,https://www.youtube.com/watch?v=0kE3TE34oLM,2024-03-28,Copilot for Power BI: Your Ultimate Copilot Guide
GuyInACube,https://www.youtube.com/watch?v=x4afF_Ou58Y,2024-03-21,How to connect to Microsoft Fabric Items from Power BI Desktop?
GuyInACube,https://www.youtube.com/watch?v=twT9BERneMI,2024-03-20,Decoding Direct Lake: The Truth Behind DirectQuery Fallback
GuyInACube,https://www.youtube.com/watch?v=BKDSsCzRDMw,2024-03-30,REPLAY Microsoft Fabric / Power BI Q&amp;A - LIVE
GuyInACube,https://www.youtube.com/watch?v=0kE3TE34oLM,2024-03-28,Copilot for Power BI: Your Ultimate Copilot Guide
GuyInACube,https://www.youtube.com/watch?v=J0CAiFQh7oo,2024-03-27,Power BI Dynamic Subscriptions - The New Way!
GuyInACube,https://www.youtube.com/watch?v=x4afF_Ou58Y,2024-03-21,How to connect to Microsoft Fabric Items from Power BI Desktop?
GuyInACube,https://www.youtube.com/watch?v=twT9BERneMI,2024-03-20,Decoding Direct Lake: The Truth Behind DirectQuery Fallback
GuyInACube,https://www.youtube.com/watch?v=-_jY87oo9Sw,2024-03-14,Include in Refresh can trip you up within Power Query
GuyInACube,https://www.youtube.com/watch?v=Tw-n4o5LErw,2024-03-13,Dive into Microsoft Fabric&#39;s Power BI Direct Lake
GuyInACube,https://www.youtube.com/watch?v=eDRgzEVwVEc,2024-03-07,Getting started with Visual Calcs in Power BI
GuyInACube,https://www.youtube.com/watch?v=U0_JPX0q4Es,2024-03-06,Uncovering OneLake&#39;s Secrets with Delta Analyzer in Microsoft Fabric
GuyInACube,https://www.youtube.com/watch?v=iC7BsYH9EKE,2024-03-02,"REPLAY Microsoft Fabric / Power BI Q&amp;A - LIVE (Mar 2, 2024)"
GuyInACube,https://www.youtube.com/watch?v=iC7BsYH9EKE,2024-03-02,"REPLAY Microsoft Fabric / Power BI Q&amp;A - LIVE (Mar 2, 2024)"
GuyInACube,https://www.youtube.com/watch?v=wNxVw_yLy0s,2024-02-29,All Code!!! Extract ZIP files with Notebooks in Microsoft Fabric
GuyInACube,https://www.youtube.com/watch?v=fgOlMbTfFd4,2024-02-28,NO CODE extract ZIP files with Pipelines in Microsoft Fabric
GuyInACube,https://www.youtube.com/watch?v=pozbeRMNCJo,2024-02-24,"REPLAY Microsoft Fabric / Power BI Q&amp;A - LIVE (Feb 24, 2024)"
GuyInACube,https://www.youtube.com/watch?v=SyRDll6OvX0,2024-02-21,Creating your first EVENTSTREAM in Microsoft Fabric
GuyInACube,https://www.youtube.com/watch?v=gNuFFR-inic,2024-02-17,"REPLAY Microsoft Fabric / Power BI Q&amp;A - LIVE (Feb 17, 2023)"
GuyInACube,https://www.youtube.com/watch?v=uBJw7_zvXEo,2024-02-08,Why can&#39;t I edit my Power BI semantic model?
GuyInACube,https://www.youtube.com/watch?v=2RuoHpNZbc4,2024-02-07,Adding a column to your Lakehouse? Where is it in the Semantic Model???
GuyInACube,https://www.youtube.com/watch?v=iB_OLO81vgc,2024-02-06,Join us at SQLBits 2024 and save 10%!
GuyInACube,https://www.youtube.com/watch?v=XOfzgjWyv90,2024-02-03,"REPLAY Microsoft Fabric / Power BI Q&amp;A - LIVE (Feb 3, 2023)"
GuyInACube,https://www.youtube.com/watch?v=8UNQ4pQXuEE,2024-02-01,Power BI Tips: Excluding Top N with DAX
GuyInACube,https://www.youtube.com/watch?v=zvyr2qYCQNo,2024-01-31,Use Source Control with your Power BI Report in Microsoft Fabric!
GuyInACube,https://www.youtube.com/watch?v=lLfDJvvTDZs,2024-01-30,Where in the world are Adam and Patrick?
GuyInACube,https://www.youtube.com/watch?v=ESRJ9pZ_3FY,2024-01-27,"REPLAY Microsoft Fabric / Power BI Q&amp;A - LIVE (Jan 27, 2023)"
GuyInACube,https://www.youtube.com/watch?v=Cg6zRhwF-Ro,2024-01-25,Can you use Field Parameters with Direct Lake in Power BI?
GuyInACube,https://www.youtube.com/watch?v=Gc-hDQyeaYY,2024-01-24,Join us at the Microsoft Fabric Community Conference! Get $100 OFF!
GuyInACube,https://www.youtube.com/watch?v=MDJWUg9642Y,2024-01-20,"REPLAY Microsoft Fabric / Power BI Q&amp;A - LIVE (Jan 20, 2023)"
GuyInACube,https://www.youtube.com/watch?v=udzsJqUZPrY,2024-01-18,Power BI Tutorial for Beginners (2024)
GuyInACube,https://www.youtube.com/watch?v=U3aqC7VQTSw,2024-01-17,Get Your DP-600 the Smart Way: Microsoft Fabric Career Hub
GuyInACube,https://www.youtube.com/watch?v=sINPHVa0Kds,2024-01-13,"REPLAY Let&#39;s talk Microsoft Fabric - LIVE w/ Matthew Roche (Jan 13, 2024)"
GuyInACube,https://www.youtube.com/watch?v=W1geyI4pCNo,2024-01-11,What happens to the incremental data???
GuyInACube,https://www.youtube.com/watch?v=uuIznvWX3zw,2024-01-10,Incremental Refresh with your Warehouse without a date in Microsoft Fabric
GuyInACube,https://www.youtube.com/watch?v=BDZxBHQVPpY,2024-01-06,"REPLAY Starting off 2024! Microsoft Fabric LIVE Q&amp;A (Jan 6, 2024)"
GuyInACube,https://www.youtube.com/watch?v=NBxdctrTlkY,2024-01-04,9 hidden gems about On-Object Editing in Power BI
GuyInACube,https://www.youtube.com/watch?v=tQrr7RPSvsQ,2024-01-03,Thinking about your DAX Queries like a SQL Query in Power BI
GuyInACube,https://www.youtube.com/watch?v=ufhG59y4N1Q,2023-12-16,"REPLAY Microsoft Fabric / Power BI Q&amp;A - LIVE w/ Kim Manis &amp; Bogdan Crivat (Dec 16, 2023)"
GuyInACube,https://www.youtube.com/watch?v=GFENAFw1co4,2023-12-14,"Create a measure from a filtered visual in Power BI? Of Course, you can!"
GuyInACube,https://www.youtube.com/watch?v=jouBo0AzbvQ,2023-12-13,Exploring Custom Spark Pools in Microsoft Fabric Lakehouses
GuyInACube,https://www.youtube.com/watch?v=XQQZm--eR4Y,2023-12-09,"REPLAY Microsoft Fabric / Power BI Q&amp;A - LIVE (Dec 9, 2023)"
GuyInACube,https://www.youtube.com/watch?v=MdmPjZAV9I8,2023-12-07,Control ACCESS to your Microsoft Fabric Lakehouse or Warehouse
GuyInACube,https://www.youtube.com/watch?v=oPGGYLKhTOA,2023-12-06,Boost your productivity with DAX Query View in Power BI Desktop!
GuyInACube,https://www.youtube.com/watch?v=zQ3jxOdYQlo,2023-12-02,"REPLAY Microsoft Fabric / Power BI Q&amp;A - LIVE (Dec 2, 2023)"
GuyInACube,https://www.youtube.com/watch?v=K2WdIdfpIic,2023-11-30,Let&#39;s look at using some PySpark in your first Microsoft Fabric Notebook
GuyInACube,https://www.youtube.com/watch?v=40Lwg1QJFEY,2023-11-16,Digging deeper into Data Activator in Microsoft Fabric
GuyInACube,https://www.youtube.com/watch?v=AyYDLTvoXNk,2023-11-15,Leverage OneLake with Azure Databricks
GuyInACube,https://www.youtube.com/watch?v=jFr-o953dmk,2023-11-11,"REPLAY Microsoft Fabric / Power BI Q&amp;A - LIVE (Nov 11, 2023)"
GuyInACube,https://www.youtube.com/watch?v=nHc0H1B6qZI,2023-11-04,"REPLAY Microsoft Fabric / Power BI Q&amp;A - LIVE (Nov 4, 2023)"
GuyInACube,https://www.youtube.com/watch?v=lY7aQpxnIJE,2023-11-01,Why On-Object Editing in Power BI???
GuyInACube,https://www.youtube.com/watch?v=XwRcaNLWpYg,2023-10-28,"REPLAY Microsoft Fabric / Power BI Q&amp;A w/ Marco Russo LIVE (October 28, 2023)"
GuyInACube,https://www.youtube.com/watch?v=QzG7DFaAYng,2023-10-26,The Secret to Data-Driven Dynamic Subscriptions in Paginated Reports
GuyInACube,https://www.youtube.com/watch?v=776uk-i0PWU,2023-10-25,Mind-Blowing Power BI Update: Model View enhancements!
GuyInACube,https://www.youtube.com/watch?v=0qmHl-oAehI,2023-10-21,"REPLAY Microsoft Fabric / Power BI Q&amp;A - LIVE (Oct 21, 2023)"
GuyInACube,https://www.youtube.com/watch?v=zMiRGZsfQgs,2023-10-19,Finish the Puzzle: Querying Power BI Semantic Models with Semantic Link!
GuyInACube,https://www.youtube.com/watch?v=hFfi3O_Isn4,2023-10-17,Escape the Ordinary with a Low Code Lakehouse in Microsoft Fabric
GuyInACube,https://www.youtube.com/watch?v=Ite05gBQA9Q,2023-10-14,"REPLAY Microsoft Fabric / Power BI Q&amp;A - LIVE (Oct 14, 2023)"
GuyInACube,https://www.youtube.com/watch?v=W7Ab1PIAwGk,2023-10-04,Discover the Untapped Settings in Power BI Desktop
GuyInACube,https://www.youtube.com/watch?v=03Tf1tKNzfY,2023-09-29,The secret whereabouts of Adam &amp; Patrick revealed!
GuyInACube,https://www.youtube.com/watch?v=Ww7pqhajkbY,2023-09-27,Mastering Power BI Desktop: A Deep Dive into the Pane Switcher
GuyInACube,https://www.youtube.com/watch?v=UU51e--zq9c,2023-09-21,Editing your Direct Lake Datasets from Tabular Editor? Yes please!
GuyInACube,https://www.youtube.com/watch?v=ECmhdB5Rdzo,2023-09-20,Using Microsoft Fabric Workspaces (Power BI and more!)
GuyInACube,https://www.youtube.com/watch?v=gMLwKdfSmu0,2023-09-07,No more Report Builder for Power BI Paginated Reports???
GuyInACube,https://www.youtube.com/watch?v=s1W3UY3v7rc,2023-09-06,Landing data with Dataflows Gen2 in Microsoft Fabric
GuyInACube,https://www.youtube.com/watch?v=StIBBb69wDw,2023-09-05,Creating your first Data Warehouse in Microsoft Fabric
GuyInACube,https://www.youtube.com/watch?v=GLNqNuON3Fc,2023-09-02,"REPLAY Microsoft Fabric/Power BI Q&amp;A - LIVE (Sept 2, 2023)"
GuyInACube,https://www.youtube.com/watch?v=Y63Sj2NSdic,2023-08-31,A quirky Bookmark scenario with Filters in Power BI. Pay Attention!
GuyInACube,https://www.youtube.com/watch?v=biISm1ZjouA,2023-08-29,The POWER of shortcuts in Microsoft Fabric
GuyInACube,https://www.youtube.com/watch?v=JDFhipHmxMA,2023-08-25,Join us at PASS Data Community Summit 2023
GuyInACube,https://www.youtube.com/watch?v=4fJq8qessuM,2023-08-24,Power BI has Copilot already? For DAX it does!
GuyInACube,https://www.youtube.com/watch?v=IZDacEcbfog,2023-08-23,Get your measures organized in Power BI
GuyInACube,https://www.youtube.com/watch?v=LZ9nKK0PPe0,2023-08-22,Get and use Python Libraries within Microsoft Fabric
GuyInACube,https://www.youtube.com/watch?v=LZ9nKK0PPe0,2023-08-22,Get and use Python Libraries within Microsoft Fabric
GuyInACube,https://www.youtube.com/watch?v=AWiN_XxvNWY,2023-08-19,"REPLAY Let&#39;s talk Microsoft Fabric - LIVE w/ Matthew Roche (Aug 19, 2023)"
GuyInACube,https://www.youtube.com/watch?v=G_v1DyZoP_s,2023-08-18,Saying goodbye...
GuyInACube,https://www.youtube.com/watch?v=QV6b8CKNhzU,2023-08-17,Using Figma to wireframe your Power BI reports
GuyInACube,https://www.youtube.com/watch?v=k7pZzwgXW-g,2023-08-16,Enabling Power BI Paginated Report Drill!
GuyInACube,https://www.youtube.com/watch?v=Ge0VWZMa50I,2023-08-15,Is Data Wrangler the Power Query of Python?
GuyInACube,https://www.youtube.com/watch?v=JNfQJe-ruxM,2023-08-12,"REPLAY We&#39;re back! Let&#39;s answer your Microsoft Fabric and Power BI questions... (August 12, 2023)"
GuyInACube,https://www.youtube.com/watch?v=ZrsrLEY_Gf8,2023-07-12,The MAGIC of Power BI in PowerPoint!
GuyInACube,https://www.youtube.com/watch?v=4NbuG1JBq60,2023-07-11,Leveraging OneLake Explorer - The OneDrive of Data! (Microsoft Fabric)
GuyInACube,https://www.youtube.com/watch?v=RaHAoZD2mZE,2023-06-29,Create MEANINGFUL data labels with measures in Power BI
GuyInACube,https://www.youtube.com/watch?v=ilTeVH2Cwck,2023-06-28,Can you use Power Query Dynamic M Parameters for multi-select?
GuyInACube,https://www.youtube.com/watch?v=DB8zujLjzVo,2023-06-27,SQL Server in Microsoft Fabric? Use CETaS to move data!
GuyInACube,https://www.youtube.com/watch?v=WWvs0Z4zTGw,2023-06-24,"REPLAY Microsoft Fabric/Power BI Q&amp;A - LIVE (June 24, 2023)"
GuyInACube,https://www.youtube.com/watch?v=LDZL0gyHQbs,2023-06-21,Get the most as a Data Scientist with Microsoft Fabric (Public Preview)
GuyInACube,https://www.youtube.com/watch?v=_-rxBAtFFOA,2023-06-20,"Your data is in the Lakehouse, but now what? | Microsoft Fabric (Public Preview)"
GuyInACube,https://www.youtube.com/watch?v=Q8NfZCFKCmw,2023-06-14,Understanding the TIMELINE in DAX Studio
GuyInACube,https://www.youtube.com/watch?v=SFta1_70T_U,2023-06-13,Create your FIRST Lakehouse in Microsoft Fabric
GuyInACube,https://www.youtube.com/watch?v=hUfdMc0GW8s,2023-06-10,"REPLAY Let&#39;s talk Microsoft Fabric - LIVE w/ Amir Netz (June 10, 2023)"
GuyInACube,https://www.youtube.com/watch?v=6AAeV3bSMso,2023-06-08,Understanding Microsoft Fabric Licensing and Cost (Public Preview)
GuyInACube,https://www.youtube.com/watch?v=2bGb0QCLebw,2023-06-07,Use your browser to edit your Power BI dataset within Microsoft Fabric
GuyInACube,https://www.youtube.com/watch?v=2bGb0QCLebw,2023-06-07,Use your browser to edit your Power BI dataset within Microsoft Fabric
GuyInACube,https://www.youtube.com/watch?v=wEcRTSNhtLg,2023-06-06,Understanding OneLake within Microsoft Fabric
GuyInACube,https://www.youtube.com/watch?v=VdwsJ-Ix-oc,2023-06-01,Leverage the Microsoft Fabric Trial
GuyInACube,https://www.youtube.com/watch?v=zG2yyJzMooM,2023-05-31,Why can&#39;t I use Microsoft Fabric?
GuyInACube,https://www.youtube.com/watch?v=-f0XIVEP7bE,2023-05-30,What is Microsoft Fabric (Public Preview)?
GuyInACube,https://www.youtube.com/watch?v=5pg9MlQy9cE,2023-05-27,"REPLAY Let&#39;s talk Microsoft Fabric - LIVE w/ Matthew Roche (May 27, 2023)"
GuyInACube,https://www.youtube.com/watch?v=wdDx0-jvl7w,2023-05-25,Microsoft Fabric Launch Digital Event (Day 2)
GuyInACube,https://www.youtube.com/watch?v=6QusOchmSXQ,2023-05-25,What does Microsoft Fabric mean for Guy in a Cube?
GuyInACube,https://www.youtube.com/watch?v=tMx3rhl43b4,2023-05-24,REPLAY Microsoft Fabric Discussion - May 2023 Social Hour
GuyInACube,https://www.youtube.com/watch?v=5jlP0wdEsls,2023-05-24,Microsoft Fabric Launch Digital Event (Day 1)
GuyInACube,https://www.youtube.com/watch?v=TprbclJaSJU,2023-05-22,Don’t miss out of Microsoft Build! #powerbi
GuyInACube,https://www.youtube.com/watch?v=nY54EX6_vd0,2023-05-20,"REPLAY Power BI tips from the Pros - LIVE (May 20, 2023)"
GuyInACube,https://www.youtube.com/watch?v=eYxRHJ0hB_E,2023-05-17,Enabling Drillthrough with Power BI On-Object Editing
GuyInACube,https://www.youtube.com/watch?v=m2lYsQ9t-5k,2023-05-16,Are you using your licenses correct? See where Azure Hybrid Benefits can help!
GuyInACube,https://www.youtube.com/watch?v=pKkav_W-jiQ,2023-05-11,Want a BEAUTIFUL Power BI Report? Start here!
GuyInACube,https://www.youtube.com/watch?v=AbiYgh9RD2U,2023-05-09,Controlling cost with Azure Synapse Serverless Pools
GuyInACube,https://www.youtube.com/watch?v=N2WLzB8GOlk,2023-05-06,"REPLAY Power BI tips from the Pros - LIVE (May 6, 2023)"
GuyInACube,https://www.youtube.com/watch?v=ZKodkcOb3WI,2023-05-04,The HEART of Power BI
GuyInACube,https://www.youtube.com/watch?v=WyvfZMaXLBs,2023-05-03,RLS in the source? How does this work with DirectQuery and Import in Power BI?
GuyInACube,https://www.youtube.com/watch?v=K6DpOJM6b7E,2023-04-20,ChatGPT blew my mind with this Power BI scenario
GuyInACube,https://www.youtube.com/watch?v=ldTeS-yxpSE,2023-04-18,Loop through a list using pySpark for your Azure Synapse Pipelines
GuyInACube,https://www.youtube.com/watch?v=YkNgmVdTD8E,2023-04-15,"REPLAY Power BI tips from the Pros - LIVE (April 15, 2023)"
GuyInACube,https://www.youtube.com/watch?v=owSaH3DlRrw,2023-04-13,Minimize diagnostics steps by just using the VPAX file!
GuyInACube,https://www.youtube.com/watch?v=7riWWVMMegE,2023-04-12,How to easily compare Server Timings using DAX Studio for your Power BI dataset
GuyInACube,https://www.youtube.com/watch?v=Ks4ekJeKjZY,2023-04-11,Use Azure SQL Managed Instance Link to have a Read Replica in the cloud!
GuyInACube,https://www.youtube.com/watch?v=iaekrjvr3Xk,2023-04-08,"REPLAY Power BI tips from the Pros - LIVE (April 8, 2023)"
GuyInACube,https://www.youtube.com/watch?v=H6sLCVanIYE,2023-04-06,Where are the Power BI Gateway logs? I thought I knew...
GuyInACube,https://www.youtube.com/watch?v=Hpx52kOodPc,2023-04-05,Setup a Reverse Hybrid Table without using Tabular Editor for Power BI!
GuyInACube,https://www.youtube.com/watch?v=k280CpPKJgc,2023-04-04,Convert CSV to Parquet using pySpark in Azure Synapse Analytics
GuyInACube,https://www.youtube.com/watch?v=gnTaUbIMfyM,2023-04-01,"REPLAY Power BI tips from the Pros - LIVE (April 1, 2023)"
GuyInACube,https://www.youtube.com/watch?v=X_1tBbPwBMg,2023-03-29,Switch a Power BI Report&#39;s dataset without needing Premium!
GuyInACube,https://www.youtube.com/watch?v=heY92V11knc,2023-03-25,REPLAY Power BI Adoption and More Q&amp;A with Melissa Coates and Matthew Roche!
GuyInACube,https://www.youtube.com/watch?v=twgsMDuwOuo,2023-03-23,Visually see where you BROKE the fold in Power Query
GuyInACube,https://www.youtube.com/watch?v=fh8HpSNNP30,2023-03-22,Checking out the new Power BI RLS Editor
GuyInACube,https://www.youtube.com/watch?v=yvV6z6OInEI,2023-03-21,What&#39;s a Junk Dimension and when should you use it?
GuyInACube,https://www.youtube.com/watch?v=zJopprZC-bE,2023-03-16,How do THIN reports work with Power BI Deployment Pipelines?
GuyInACube,https://www.youtube.com/watch?v=k-4Oud9jkuw,2023-03-09,Dataset permissions required for App report in Power BI? What am I missing??? (Re-Upload)
GuyInACube,https://www.youtube.com/watch?v=YOWxvT5XLoc,2023-03-08,The POWER of Microsoft Lists and Power BI
GuyInACube,https://www.youtube.com/watch?v=9SprbLQpW8I,2023-03-07,Start Learning T-SQL for Azure Database and Azure Synapse
GuyInACube,https://www.youtube.com/watch?v=leT_dkXwE1c,2023-03-02,The MAGIC of Microsoft Teams + Power BI
GuyInACube,https://www.youtube.com/watch?v=Pdbc_Q7pnD8,2023-02-23,Different ways to work with Microsoft Excel in Power BI (2023)
GuyInACube,https://www.youtube.com/watch?v=6RzC1P_1Elg,2023-02-22,How to get a CLOCK in your Power BI Report
GuyInACube,https://www.youtube.com/watch?v=KrsNwegpqlk,2023-02-21,Checking out the Window Clause in Azure SQL and SQL Server 2022
GuyInACube,https://www.youtube.com/watch?v=zI4MV2vNVxY,2023-02-18,"REPLAY Power BI tips from the Pros - LIVE (Feb 18, 2023)"
GuyInACube,https://www.youtube.com/watch?v=58rLq8MF2mc,2023-02-15,Publish/Migrate your RDL files from Power BI Report Server to the service
GuyInACube,https://www.youtube.com/watch?v=6KG-LogdI9g,2023-02-14,Provide data lake access with Azure Synapse Analytics
GuyInACube,https://www.youtube.com/watch?v=XPuGOZdxX5s,2023-02-11,"REPLAY Power BI tips from the Pros - LIVE (Feb 11, 2023)"
GuyInACube,https://www.youtube.com/watch?v=cqqyAy5Cemc,2023-02-10,An Ode to a Pie Chart by ChatGPT
GuyInACube,https://www.youtube.com/watch?v=wd2c1sjTENQ,2023-02-09,Guy in a Cube answers the web&#39;s most searched questions on Power BI
GuyInACube,https://www.youtube.com/watch?v=WXpxNpnE3D4,2023-02-08,Time to look at the new INDEX function in DAX and Power BI
GuyInACube,https://www.youtube.com/watch?v=i27vHCVsHp4,2023-02-04,"REPLAY Power BI tips from the Pros - LIVE (Feb 4, 2023)"
GuyInACube,https://www.youtube.com/watch?v=3SKSBRFMIoM,2023-02-02,Let&#39;s see if ChatGPT knows what&#39;s coming next for Power BI...
GuyInACube,https://www.youtube.com/watch?v=-KXDpi_wyD4,2023-02-01,Calling a Stored Procedure using Incremental Refresh in Power BI? We think so!
GuyInACube,https://www.youtube.com/watch?v=ayV1r2vFYnI,2023-01-31,Ready to be a Kusto Detective with Azure Data Explorer?
GuyInACube,https://www.youtube.com/watch?v=vT83hHmX-VM,2023-01-28,"REPLAY Power BI tips from the Pros - LIVE (Jan 28, 2023)"
GuyInACube,https://www.youtube.com/watch?v=vT83hHmX-VM,2023-01-28,"REPLAY Power BI tips from the Pros - LIVE (Jan 28, 2023)"
GuyInACube,https://www.youtube.com/watch?v=WQGS48ZcdbE,2023-01-26,What do you want to see from Guy in a Cube? - Channel Update
GuyInACube,https://www.youtube.com/watch?v=nMSuWbKUvAY,2023-01-25,What happens when you miss a refresh day with Power BI Incremental Refresh?
GuyInACube,https://www.youtube.com/watch?v=WgH2Wg_EUNg,2023-01-24,What the French Toast is a Slowly Changing Dimension???
GuyInACube,https://www.youtube.com/watch?v=GzblE9HjouE,2023-01-21,"REPLAY Power BI tips from the Pros - LIVE (Jan 21, 2023)"
GuyInACube,https://www.youtube.com/watch?v=_ggNrxUcCS8,2023-01-18,Allow users to Show and Hide columns in a Power BI Paginated report!
GuyInACube,https://www.youtube.com/watch?v=PsuxE6xExOw,2023-01-17,What is a Common Table Expression (CTE) and how do you use them?
GuyInACube,https://www.youtube.com/watch?v=a-iA6EG9CzQ,2023-01-07,"REPLAY Starting 2023 w/ Marco Russo LIVE (Jan 7, 2023)"
GuyInACube,https://www.youtube.com/watch?v=_1QGTmtGcP8,2023-01-04,How to handle Aggregation tables with Averages in Power BI
GuyInACube,https://www.youtube.com/watch?v=XkjJo7J8CyQ,2023-01-03,To Surrogate Key or Not...
GuyInACube,https://www.youtube.com/watch?v=ey4ZVKWGZfc,2022-12-17,"REPLAY Power BI tips from the Pros - LIVE (Dec 17, 2022) - Charity Stream"
GuyInACube,https://www.youtube.com/watch?v=-xl-uhgzgEA,2022-12-15,Build a Slicer Panel in Power BI (2022/2023)
GuyInACube,https://www.youtube.com/watch?v=t3Zsdbr-_So,2022-12-14,A Power Query tip for you
GuyInACube,https://www.youtube.com/watch?v=_n4kG9qpfIs,2022-12-07,Can you make a two-line dynamic title in Power BI?
GuyInACube,https://www.youtube.com/watch?v=Rp7aM42NkMc,2022-12-06,Can you use SQL Auth with Azure Synapse Serverless?
GuyInACube,https://www.youtube.com/watch?v=GiZKPAAOUuQ,2022-11-29,Azure Synapse Serverless vs Dedicated SQL Pool
GuyInACube,https://www.youtube.com/watch?v=69PY3YzygNk,2022-11-22,Exploring Microsoft Purview for data governance
GuyInACube,https://www.youtube.com/watch?v=WPaCin49eq4,2022-11-16,Writing some DAX while looking at Relationships
GuyInACube,https://www.youtube.com/watch?v=Gw1KqZbDky0,2022-11-12,"REPLAY Power BI tips from the Pros - LIVE w/ Matthew Roche (Nov 12, 2022)"
GuyInACube,https://www.youtube.com/watch?v=amntImKVzic,2022-11-09,Add a measure without Power BI Desktop (Premium)
GuyInACube,https://www.youtube.com/watch?v=OQ8VRRQA4VA,2022-11-08,Have you seen the SQL Admin Pack for Azure Data Studio?
GuyInACube,https://www.youtube.com/watch?v=h8-EdlHN3oc,2022-11-05,"REPLAY Power BI tips from the Pros - LIVE (Nov 5, 2022)"
GuyInACube,https://www.youtube.com/watch?v=jIFCyQdTvgM,2022-11-03,Bring Power BI and Excel together
GuyInACube,https://www.youtube.com/watch?v=7L4bTbj6fM8,2022-11-02,The PERFECT Power BI dataflows use case
GuyInACube,https://www.youtube.com/watch?v=_fCKsorBnTg,2022-11-01,Explaining what a Lakehouse is!
GuyInACube,https://www.youtube.com/watch?v=sgGRMixvNbk,2022-10-27,Does it matter where your Power BI reports are deployed?
GuyInACube,https://www.youtube.com/watch?v=2S6qVQrmzxE,2022-10-26,Make Q&amp;A more effective in Power BI
GuyInACube,https://www.youtube.com/watch?v=xBhjQqUw_TU,2022-10-20,A better way to share Personal Bookmarks in Power BI
GuyInACube,https://www.youtube.com/watch?v=OY9spncfp6I,2022-10-19,Why isn&#39;t my Agg being hit in Power BI???
GuyInACube,https://www.youtube.com/watch?v=rzfmF9wORcQ,2022-10-18,Parameterize your Notebooks in Azure Synapse
GuyInACube,https://www.youtube.com/watch?v=ViIHJRTLJ0Y,2022-10-11,Overcoming a concatenation challenge in Azure Synapse
GuyInACube,https://www.youtube.com/watch?v=N0UYKqMpmnQ,2022-10-06,A Power Query feature you may not know about!
GuyInACube,https://www.youtube.com/watch?v=OAlys79j81Q,2022-10-05,Where do you add that new column in any analytics tool?
GuyInACube,https://www.youtube.com/watch?v=uFk3ZJ7Jm0U,2022-10-04,"Save early, save often in Azure Synapse Studio"
GuyInACube,https://www.youtube.com/watch?v=He8xocxq1II,2022-10-01,"REPLAY Power BI tips from the Pros - LIVE w/ Kasper de Jonge (Oct 1, 2022)"
GuyInACube,https://www.youtube.com/watch?v=OAlys79j81Q,2022-10-05,Where do you add that new column in any analytics tool?
GuyInACube,https://www.youtube.com/watch?v=uFk3ZJ7Jm0U,2022-10-04,"Save early, save often in Azure Synapse Studio"
GuyInACube,https://www.youtube.com/watch?v=He8xocxq1II,2022-10-01,"REPLAY Power BI tips from the Pros - LIVE w/ Kasper de Jonge (Oct 1, 2022)"
GuyInACube,https://www.youtube.com/watch?v=BUiUrv1qeXU,2022-09-28,Do you even need to use Power Query Functions?
GuyInACube,https://www.youtube.com/watch?v=6aXO_zOMP1U,2022-09-27,Rounding out the lakehouse with the GOLD layer in Azure Synapse
GuyInACube,https://www.youtube.com/watch?v=wJJ31G98aCM,2022-09-22,Answering your questions about the new App Experience!
GuyInACube,https://www.youtube.com/watch?v=cqTa7cj5ZBw,2022-09-21,Storytelling with Power BI and PowerPoint
GuyInACube,https://www.youtube.com/watch?v=OHto3FR5484,2022-09-20,Talking DATA end to end with Buck Woody
GuyInACube,https://www.youtube.com/watch?v=BLqJmp3CIHU,2022-09-17,"REPLAY Power BI tips from the Pros - LIVE (Sept 17, 2022)"
GuyInACube,https://www.youtube.com/watch?v=nchNa44o2D4,2022-09-15,Power BI Apps for multiple audiences has arrived!
GuyInACube,https://www.youtube.com/watch?v=vI7kVVHxsiM,2022-09-14,What&#39;s the real size of your data model in Power BI?
GuyInACube,https://www.youtube.com/watch?v=0qywSdK3qoU,2022-09-08,Are you thinking about your tooltips in Power BI?
GuyInACube,https://www.youtube.com/watch?v=5ZjO1ImFmh4,2022-09-07,Automating your formatted tables in Power BI!
GuyInACube,https://www.youtube.com/watch?v=2nzANkTY4IY,2022-09-03,"REPLAY Visualization Q&amp;A - LIVE w/ Alberto Cairo (Sept 3, 2022)"
GuyInACube,https://www.youtube.com/watch?v=KOeT9Dsk-xo,2022-09-01,Conditional Formatting with Field Parameters in Power BI???
GuyInACube,https://www.youtube.com/watch?v=Q-CFumllLNg,2022-08-31,The Tale of Two Caches
GuyInACube,https://www.youtube.com/watch?v=TfXhQG61sPw,2022-08-25,Slicers vs. Slicer Pane vs. Filter Pane! Which is faster?
GuyInACube,https://www.youtube.com/watch?v=5G_xSJy5muo,2022-08-24,Simulate Hierarchies with Field Parameters in Power BI
GuyInACube,https://www.youtube.com/watch?v=y7E4eElq9iI,2022-08-20,"REPLAY 100th Power BI Q&amp;A Live Stream!!! (August 20, 2022)"
GuyInACube,https://www.youtube.com/watch?v=dTEmhPbtipc,2022-08-18,Get creative with buttons in Power BI!
GuyInACube,https://www.youtube.com/watch?v=HJgclrgFnls,2022-08-17,Refresh and NO DATA in my Power BI visuals???
GuyInACube,https://www.youtube.com/watch?v=SPOQzcbTgvQ,2022-08-16,Get started with SPARK in Azure Synapse Analytics
GuyInACube,https://www.youtube.com/watch?v=ksmNfa_K8GQ,2022-08-13,"REPLAY Power BI tips from the Pros - LIVE (August 13, 2022)"
GuyInACube,https://www.youtube.com/watch?v=0WfITrMl0hc,2022-08-11,Get feedback from your Power BI report users!
GuyInACube,https://www.youtube.com/watch?v=338Fm-eSbQU,2022-08-10,You thought DAX? Alex shows you Dynamic M-M-Magic!
GuyInACube,https://www.youtube.com/watch?v=FQCD5rUD6cY,2022-08-06,"REPLAY Power BI Optimization Q&amp;A - LIVE w/ Marco Russo (Aug 5, 2022)"
GuyInACube,https://www.youtube.com/watch?v=ffIgsMS3-8c,2022-08-04,Here&#39;s a BANANAS report design idea!
GuyInACube,https://www.youtube.com/watch?v=QewkwWtJrKg,2022-08-03,What if we could RATE a Power BI report page?
GuyInACube,https://www.youtube.com/watch?v=YgYTQpVnhVM,2022-08-02,Can you be a Data Scientist without actually being a Data Scientist???
GuyInACube,https://www.youtube.com/watch?v=4J4go5juEj0,2022-07-30,"REPLAY Power BI tips from the Pros - LIVE (July 30, 2022)"
GuyInACube,https://www.youtube.com/watch?v=4J4go5juEj0,2022-07-30,"REPLAY Power BI tips from the Pros - LIVE (July 30, 2022)"
GuyInACube,https://www.youtube.com/watch?v=eviMr_f_LQM,2022-07-27,Discovering data within Power BI and quickly EXPORT!
GuyInACube,https://www.youtube.com/watch?v=tfTrohtZXtc,2022-07-23,"REPLAY Power BI tips from the Pros - LIVE (July 23, 2022)"
GuyInACube,https://www.youtube.com/watch?v=bwbWQL8zjx0,2022-07-21,The most UNDERUSED feature in Power BI???
GuyInACube,https://www.youtube.com/watch?v=L7dMVFDgs7Q,2022-07-19,Intro to aggregates in T-SQL
GuyInACube,https://www.youtube.com/watch?v=vTEaSRyVPxI,2022-07-14,Is it a KNOWN ISSUE in Power BI?
GuyInACube,https://www.youtube.com/watch?v=XA5twJ2wLd0,2022-07-13,Select All items for Parameters in Power BI Paginated reports
GuyInACube,https://www.youtube.com/watch?v=ukVlPeQ-yNc,2022-07-07,How I learn things
GuyInACube,https://www.youtube.com/watch?v=XE_58akjXEc,2022-07-02,"REPLAY Power BI tips from the Pros - LIVE (July 2, 2022)"
GuyInACube,https://www.youtube.com/watch?v=ZEcQ13TaIWA,2022-06-28,What&#39;s up with the different JOINS in Azure SQL and Azure Synapse?
GuyInACube,https://www.youtube.com/watch?v=IhQVOS34QKA,2022-06-23,Why can&#39;t Power BI connect to my cloud source???
GuyInACube,https://www.youtube.com/watch?v=Wvqx4I2cMrM,2022-06-22,From Decomposition Tree to Details in Power BI!!!
GuyInACube,https://www.youtube.com/watch?v=zQnyy2-58Ns,2022-06-21,Modern Data Lakehouse? Where do you even start??? Azure Synapse of course!
GuyInACube,https://www.youtube.com/watch?v=x1xMxRXQ2So,2022-06-16,Publish from Power BI Desktop for External Users (Unsupported)
GuyInACube,https://www.youtube.com/watch?v=67WrcH4pFnI,2022-06-15,What tool do you use to optimize your Power BI dataset?
GuyInACube,https://www.youtube.com/watch?v=Q_fKhmwRifo,2022-05-31,Writing your first SQL Statement!
GuyInACube,https://www.youtube.com/watch?v=UzDfhse9vBI,2022-05-28,"REPLAY Power BI tips from the Pros - LIVE (May 28, 2022)"
GuyInACube,https://www.youtube.com/watch?v=ZJzCkxv5wxg,2022-05-25,Exploring the preview of datamart in Power BI!
GuyInACube,https://www.youtube.com/watch?v=tWFAxOI7CF0,2022-05-24,Getting started with Azure Synapse Analytics
GuyInACube,https://www.youtube.com/watch?v=8M2VIPLdF3A,2022-05-18,Another 30-Day Query Folding challenge!!!
GuyInACube,https://www.youtube.com/watch?v=UzDfhse9vBI,2022-05-28,"REPLAY Power BI tips from the Pros - LIVE (May 28, 2022)"
GuyInACube,https://www.youtube.com/watch?v=ZJzCkxv5wxg,2022-05-25,Exploring the preview of datamart in Power BI!
GuyInACube,https://www.youtube.com/watch?v=tWFAxOI7CF0,2022-05-24,Getting started with Azure Synapse Analytics
GuyInACube,https://www.youtube.com/watch?v=8M2VIPLdF3A,2022-05-18,Another 30-Day Query Folding challenge!!!
GuyInACube,https://www.youtube.com/watch?v=0duJpevXlaA,2022-05-14,"REPLAY Power BI tips from the Pros - LIVE (May 14, 2022)"
GuyInACube,https://www.youtube.com/watch?v=lTkWAfrMwOg,2022-05-11,Why isn&#39;t my Agg hitting when using DISTINCTCOUNT in Power BI???
GuyInACube,https://www.youtube.com/watch?v=-e3jNYl9AJ4,2022-05-10,How to make SQL Pools even faster in Azure Synapse Analytics
GuyInACube,https://www.youtube.com/watch?v=utz9NQZyZ1A,2022-05-07,"REPLAY Power BI tips from the Pros - LIVE (May 7, 2022)"
GuyInACube,https://www.youtube.com/watch?v=aJHhQsNiOiw,2022-05-05,EFFICIENT approach in Microsoft Teams for Power BI questions!
GuyInACube,https://www.youtube.com/watch?v=CYSMZxaXNLk,2022-05-04,My Excel file is in the cloud! Why isn&#39;t refresh working in Power BI???
GuyInACube,https://www.youtube.com/watch?v=WbDqeNsmoL4,2022-05-03,Why you should look at Azure Synapse Analytics!
GuyInACube,https://www.youtube.com/watch?v=JHq5mHPP8-A,2022-04-23,"REPLAY Power BI tips from the Pros - LIVE (April 23, 2022)"
GuyInACube,https://www.youtube.com/watch?v=BSmmNgO_EOU,2022-04-20,Blown AWAY by Column From Examples in Power Query
GuyInACube,https://www.youtube.com/watch?v=WybnTHDl-AM,2022-04-14,How to get a DATE TABLE easily in Power BI
GuyInACube,https://www.youtube.com/watch?v=RbMFQNthlGM,2022-04-13,Are you backing up your Power BI Dataset???
GuyInACube,https://www.youtube.com/watch?v=_p5GcjYMHq0,2022-04-09,"REPLAY Power BI tips from the Pros - LIVE (April 9, 2022)"
GuyInACube,https://www.youtube.com/watch?v=sXn-QZqLD-8,2022-04-07,Nothing selected in Power BI Slicer? Then don&#39;t show data!
GuyInACube,https://www.youtube.com/watch?v=-jvnjx-264c,2022-04-06,Composite models in Power BI and Storage modes - what to pick???
GuyInACube,https://www.youtube.com/watch?v=ISacusJ1Dss,2022-03-31,Use this Power BI feature to display custom message or titles
GuyInACube,https://www.youtube.com/watch?v=_zYvybVMk7k,2022-03-30,Try limiting rows when creating reporting for big data in Power BI
GuyInACube,https://www.youtube.com/watch?v=zdJyOQP8jXw,2022-03-26,"REPLAY Power BI tips from the Pros - LIVE (Mar 26, 2022)"
GuyInACube,https://www.youtube.com/watch?v=q5nxFcvrnqw,2022-03-24,Who doesn&#39;t like FREE Power BI training??? (2022)
GuyInACube,https://www.youtube.com/watch?v=twsuBaiPaCk,2022-03-23,Can Patrick handle the challenge???
GuyInACube,https://www.youtube.com/watch?v=hv8U_z-y-1s,2022-03-19,"REPLAY Power BI tips from the Pros - LIVE (Mar 19, 2022)"
GuyInACube,https://www.youtube.com/watch?v=gyOKFSVYEew,2022-03-17,Some tips for your data labels in Power BI
GuyInACube,https://www.youtube.com/watch?v=t6_uRHLWiMQ,2022-03-16,"So, we just wait???"
GuyInACube,https://www.youtube.com/watch?v=L-wqwzj0-Xo,2022-03-10,Revisiting a Power BI solution with Dynamic M Parameters
GuyInACube,https://www.youtube.com/watch?v=LTHTuX8TZZw,2022-03-09,Oops! Forgot to show this...
GuyInACube,https://www.youtube.com/watch?v=z0KJlEJ1Flc,2022-03-05,"REPLAY Power BI tips from the Pros - LIVE w/ Marco Russo (Mar 5, 2022)"
GuyInACube,https://www.youtube.com/watch?v=hDf6nrKdtbI,2022-03-03,Dealing with orphaned Power BI workspaces
GuyInACube,https://www.youtube.com/watch?v=1XavbySOeuc,2022-02-26,"REPLAY Power BI tips from the Pros - LIVE (Feb 26, 2022)"
GuyInACube,https://www.youtube.com/watch?v=vjcWToSAlZ8,2022-02-23,Make your Power BI mobile reports POP
GuyInACube,https://www.youtube.com/watch?v=ipdMRPdXcWA,2022-02-17,Do we need more Power BI Premium Capacity?
GuyInACube,https://www.youtube.com/watch?v=EowHdhy-Nio,2022-02-16,A little trick for SharePoint Online Images in Power BI
GuyInACube,https://www.youtube.com/watch?v=RcJP_nDQaSE,2022-02-10,How to get Secure Images in Power BI Reports
GuyInACube,https://www.youtube.com/watch?v=1yJnmZRTNZg,2022-02-09,How do I get my Excel users to use Power BI???
GuyInACube,https://www.youtube.com/watch?v=YU1VjMEOw9Y,2022-02-03,Is a parameter filtered in Power BI Paginated Reports???
GuyInACube,https://www.youtube.com/watch?v=v79MjJZoIZg,2022-01-27,Create a date range parameter with Power BI Paginated Reports
GuyInACube,https://www.youtube.com/watch?v=EZifdFfjTNg,2022-01-26,How Parameters work with the Power BI Paginated Visual
GuyInACube,https://www.youtube.com/watch?v=lopTsclrpHI,2022-01-20,How we optimize Power Query and Power BI Dataflows
GuyInACube,https://www.youtube.com/watch?v=HckuKYlx8kk,2022-01-13,Combining refresh and real time with Hybrid Tables in Power BI
GuyInACube,https://www.youtube.com/watch?v=NkRVaRUVO7s,2022-01-12,Add a little info to your Sparkline in Power BI
GuyInACube,https://www.youtube.com/watch?v=ILu0xh3fHvQ,2022-01-05,Exploring Streaming Dataflows in Power BI
GuyInACube,https://www.youtube.com/watch?v=li0c6R6UpCw,2021-12-29,To Pivot or Unpivot? That is the question!
GuyInACube,https://www.youtube.com/watch?v=BmAuABIwhc0,2021-12-23,Making sense of the Power BI Premium Gen2 Metrics App
GuyInACube,https://www.youtube.com/watch?v=gwAi8EmjDio,2021-12-22,No Calendar Table? How to add Fiscal Month and Sort in Power BI?
GuyInACube,https://www.youtube.com/watch?v=2hoYFQ_IjPk,2021-12-15,Avoid Parameter Error when refreshing a Power BI partition
GuyInACube,https://www.youtube.com/watch?v=OONgT-DjmY0,2021-12-09,Are you using the right Dataflows connector in Power BI???
GuyInACube,https://www.youtube.com/watch?v=IdXK470YwAQ,2021-12-08,Use Bookmark Navigator in Power BI to easily move through Bookmarks
GuyInACube,https://www.youtube.com/watch?v=YBTQ3CFstzs,2021-12-02,Call any Power BI REST API with PowerShell
GuyInACube,https://www.youtube.com/watch?v=4TxEvFmE44Q,2021-12-01,Use Page Navigator to go to the NEXT LEVEL in Power BI
GuyInACube,https://www.youtube.com/watch?v=VC9XoDaAE-Y,2021-11-25,Personal Gateway governance in Power BI
GuyInACube,https://www.youtube.com/watch?v=jcxJzh1TYWg,2021-11-24,Do you want DYNAMIC legends in Power BI??? Of course you do...
GuyInACube,https://www.youtube.com/watch?v=lg3Un1X1yuQ,2021-11-18,Custom Visual governance in Power BI
GuyInACube,https://www.youtube.com/watch?v=icCGFG6KpIA,2021-11-17,Configure Incremental Refresh with Tabular Editor
GuyInACube,https://www.youtube.com/watch?v=Z-J4n9uymQ0,2021-11-11,Review Performance Analyzer in this Power BI Report from Smart Power BI
GuyInACube,https://www.youtube.com/watch?v=M_nS1Liey-w,2021-11-04,Page intentionally left blank
GuyInACube,https://www.youtube.com/watch?v=SK0qSx3vY_k,2021-10-28,The Power BI Premium video you need to watch… probably (Oct 2021)
GuyInACube,https://www.youtube.com/watch?v=z8xXDPkpljw,2021-10-14,When optimizing Power BI don&#39;t forgot about CPU
GuyInACube,https://www.youtube.com/watch?v=rvCAPoy2TXs,2021-10-13,RLS with TWO Fact tables in Power BI
GuyInACube,https://www.youtube.com/watch?v=_j0iTUo2HT0,2021-09-22,One Click Calculation Group in Power BI
GuyInACube,https://www.youtube.com/watch?v=etyVYsAcH6I,2021-09-15,How to show a name more than once in Power BI
GuyInACube,https://www.youtube.com/watch?v=SmczqYv_rfY,2021-09-08,When is a date not a date in Power BI?
GuyInACube,https://www.youtube.com/watch?v=R3Eqk1ZRUOY,2021-09-02,Case of the SLOW Power BI report: Hierarchies and RLS
GuyInACube,https://www.youtube.com/watch?v=phlaZn54Mio,2021-09-01,CRUSHING requirements with Small Multiples in Power BI
GuyInACube,https://www.youtube.com/watch?v=SmczqYv_rfY,2021-09-08,When is a date not a date in Power BI?
GuyInACube,https://www.youtube.com/watch?v=R3Eqk1ZRUOY,2021-09-02,Case of the SLOW Power BI report: Hierarchies and RLS
GuyInACube,https://www.youtube.com/watch?v=phlaZn54Mio,2021-09-01,CRUSHING requirements with Small Multiples in Power BI
GuyInACube,https://www.youtube.com/watch?v=0iLSyCel6yw,2021-08-26,5 Guy in a Cube tips to make BETTER VIDEO!
GuyInACube,https://www.youtube.com/watch?v=uKSkMDEGM2I,2021-08-19,3 signs it&#39;s time to OPTIMIZE your Power BI report
GuyInACube,https://www.youtube.com/watch?v=OYYnoMa-93g,2021-08-18,Can you refresh a single table in Power BI?
GuyInACube,https://www.youtube.com/watch?v=5Fcf8eXRq2E,2021-08-04,Bringing Paginated into Power BI reports - INSANE AMAZING!
GuyInACube,https://www.youtube.com/watch?v=nRm-yQrh-ZA,2021-07-29,Measuring RLS Performance in Power BI
GuyInACube,https://www.youtube.com/watch?v=ZaZyR3-1ru4,2021-07-28,Smart Narratives and Conditional Formatting in Power BI? Yes please!
GuyInACube,https://www.youtube.com/watch?v=ymP0TvIKFKE,2021-07-22,Looking into the future of Power BI (2021)
GuyInACube,https://www.youtube.com/watch?v=_On_aX8DbJw,2021-07-15,Make your Power BI Visual POP with this column header trick
GuyInACube,https://www.youtube.com/watch?v=D1LO8syugMA,2021-07-08,Create Buckets or Groups with Power Query in Power BI
GuyInACube,https://www.youtube.com/watch?v=HGpfwpjlMro,2021-07-01,Tracing with Log Analytics and Power BI
GuyInACube,https://www.youtube.com/watch?v=3_DOF_qjguA,2021-06-30,Intro to Python in Power BI
GuyInACube,https://www.youtube.com/watch?v=x7q1DHf8wE4,2021-06-24,Natives Queries or ODBC with Incremental Refresh in Power BI
GuyInACube,https://www.youtube.com/watch?v=aKNVLXSHRNY,2021-06-23,Digging into Modern Tooltips with Power BI
GuyInACube,https://www.youtube.com/watch?v=B3WK5RdOY54,2021-06-12,"REPLAY Tabular Editor 3 &amp; Power BI Q&amp;A - LIVE w/ Daniel Otykier &amp; Marco Russo (June 12, 2021)"
GuyInACube,https://www.youtube.com/watch?v=P0_5v2WIGcA,2021-06-10,Tracing your DAX queries in Power BI
GuyInACube,https://www.youtube.com/watch?v=1yv5srlqgmI,2021-06-09,Do&#39;s and Don&#39;t with cascading slicers in Power BI
GuyInACube,https://www.youtube.com/watch?v=dYmzb5UMkXw,2021-05-27,3+ approaches for Dynamic Axis in Power BI
GuyInACube,https://www.youtube.com/watch?v=Hl8DyrVdV6o,2021-05-26,Exploring ANOMALY detection in Power BI and a SNEAK PEAK
GuyInACube,https://www.youtube.com/watch?v=D9dm0-cp1_s,2021-05-20,My CHECKLIST for troubleshooting Power BI Performance
GuyInACube,https://www.youtube.com/watch?v=G4YND7H2vwM,2021-05-13,Tools to take Power BI to the NEXT LEVEL
GuyInACube,https://www.youtube.com/watch?v=UgqVSEoj4BM,2021-05-05,Avoid Left Outer Joins with DirectQuery in Power BI
GuyInACube,https://www.youtube.com/watch?v=NkiUC-jR67s,2021-04-28,Report BURSTING with the Power Platform
GuyInACube,https://www.youtube.com/watch?v=emKSMFBusfM,2021-04-22,Best kept SECRET in Power BI??? You tell us!
GuyInACube,https://www.youtube.com/watch?v=iq-SAaWkycM,2021-04-21,WHAT IF Power BI could dynamically highlight top or bottom values?
GuyInACube,https://www.youtube.com/watch?v=r46kUh40SN8,2021-04-15,The BANANAS approach to use Power BI Bookmarks to swap tooltips
GuyInACube,https://www.youtube.com/watch?v=xCMqWEvSkAs,2021-04-14,Mastering Power BI Bookmarks
GuyInACube,https://www.youtube.com/watch?v=GnPuU3X74SY,2021-04-01,Swap Power BI Visuals to add FLEXIBILITY in your reports
GuyInACube,https://www.youtube.com/watch?v=0eYc-_KKTDs,2021-03-03,Ever wanted a NOTIFICATION in your Power BI Reports?
GuyInACube,https://www.youtube.com/watch?v=XIq5vN5oPf8,2021-02-25,INSANE AMAZING Power Query tip to quickly change data sources in Power BI and Excel
GuyInACube,https://www.youtube.com/watch?v=vZndrBBPiQc,2021-02-24,Why Power BI loves a Star Schema
GuyInACube,https://www.youtube.com/watch?v=1Qan0_VmZRw,2021-02-18,Best Practice Analyzer in Tabular Editor for your Power BI Dataset
GuyInACube,https://www.youtube.com/watch?v=cZsQj1WFkGE,2021-02-11,Power BI for report consumers and end users (2021)
GuyInACube,https://www.youtube.com/watch?v=vZndrBBPiQc,2021-02-24,Why Power BI loves a Star Schema
GuyInACube,https://www.youtube.com/watch?v=1Qan0_VmZRw,2021-02-18,Best Practice Analyzer in Tabular Editor for your Power BI Dataset
GuyInACube,https://www.youtube.com/watch?v=cZsQj1WFkGE,2021-02-11,Power BI for report consumers and end users (2021)
GuyInACube,https://www.youtube.com/watch?v=TnyRsO4NJPc,2021-02-10,Handling MULTIPLE fact tables in Power BI
GuyInACube,https://www.youtube.com/watch?v=lFu1JBPJM1c,2021-02-04,New Contoso Sample app for Power BI Embedded
GuyInACube,https://www.youtube.com/watch?v=NA2wlqfjX34,2021-02-03,Power BI slicers vs the filter pane (2021)
GuyInACube,https://www.youtube.com/watch?v=-ip7mKUdwRg,2021-01-28,Power BI Get Data: Import vs. DirectQuery vs. Live (2021)
GuyInACube,https://www.youtube.com/watch?v=B_bAKrXAUh0,2021-01-21,Create your first Power BI report (2021)
GuyInACube,https://www.youtube.com/watch?v=6XxCsc1j9U4,2021-01-18,"All about DAX and data modeling in Power BI... (Roundup | Jan 18, 2021)"
GuyInACube,https://www.youtube.com/watch?v=Vqz2d7pTOV8,2021-01-14,What is Power BI? (2021)
GuyInACube,https://www.youtube.com/watch?v=j8krcevfYTo,2021-01-04,"A look back and what is to come for Power BI and Guy in a Cube (Roundup | Jan 4, 2021)"
HowToPowerBI,https://www.youtube.com/watch?v=0i5UEb3NS78,2025-05-26,Date PICKER in Power BI in less than 3 min 🚀✌️
HowToPowerBI,https://www.youtube.com/watch?v=vSwoOdBRBYQ,2025-05-25,AI and Power BI | Time to act now 🚀
HowToPowerBI,https://www.youtube.com/watch?v=H5MjdaEnCKI,2025-05-23,Calendar STYLE Date Slicer in Power BI
HowToPowerBI,https://www.youtube.com/watch?v=5DGn4B2nr2s,2025-05-22,Finally! More flexibility for Line Charts in Power BI! May 2025 Update
HowToPowerBI,https://www.youtube.com/watch?v=plywB2s_2tY,2025-05-21,Additional Icon Indicators in Power BI Report | Sales Example
HowToPowerBI,https://www.youtube.com/watch?v=PHk9VJMxoSk,2025-05-20,NEW Update for List and Button Slicers!!! Select relevant values instantly in Power BI 💛💪🏼
HowToPowerBI,https://www.youtube.com/watch?v=HMtJsWwQwjU,2025-05-20,Add Bar chart RANK INDICATORS to improve readability in Power BI
HowToPowerBI,https://www.youtube.com/watch?v=-Zl3k29Lc7M,2025-05-19,Dynamically SWITCH Line and Column Chart in Power BI
HowToPowerBI,https://www.youtube.com/watch?v=8GVjaDIg6ss,2025-05-16,Improve Report UX... Data Flags in Power BI Visuals
HowToPowerBI,https://www.youtube.com/watch?v=ko5Z05Q7toE,2025-05-15,AUTO-CREATE Mobile Layout in Power BI
HowToPowerBI,https://www.youtube.com/watch?v=fDBN7PwfGDc,2025-05-12,Dark Theme Report Example in Power BI✌️
HowToPowerBI,https://www.youtube.com/watch?v=Hy0F07rxUYo,2025-05-09,Visualizing RATING Score in Power BI
HowToPowerBI,https://www.youtube.com/watch?v=rpJ5LRrJ3LE,2025-05-07,New DESIGN Options in Power BI | Style Presets
HowToPowerBI,https://www.youtube.com/watch?v=7Z4VTiRQ0Ho,2025-05-05,FLIP Patient Card in Power BI ✌🏼
HowToPowerBI,https://www.youtube.com/watch?v=VyBz173k6MA,2025-05-03,Sales Overview Report in Power BI (see comment)
HowToPowerBI,https://www.youtube.com/watch?v=o7P_E_IyaWs,2025-05-01,Full Control in Power BI🚀 Chart Visibility
HowToPowerBI,https://www.youtube.com/watch?v=1xiM2wiGv_A,2025-04-25,Create this chart right in Power BI | Native Quadrant Chart ✅
HowToPowerBI,https://www.youtube.com/watch?v=uXBb-aCX2KQ,2025-04-24,Power BI Sales Performance Report
HowToPowerBI,https://www.youtube.com/watch?v=rrhzaUpIAXc,2025-04-23,Quadrant Charts in Power BI – But Smarter. Cleaner. Next Level.
HowToPowerBI,https://www.youtube.com/watch?v=mlJwb2go0dQ,2025-04-21,Image Slicer in Power BI
HowToPowerBI,https://www.youtube.com/watch?v=aGMf-l9jSKM,2025-04-19,Show which filters are selected in a Power BI Report 🚀
HowToPowerBI,https://www.youtube.com/watch?v=6sGvP3mEz0Q,2025-04-18,Power BI Report Demo in Power BI Colors ✌️😅
HowToPowerBI,https://www.youtube.com/watch?v=jURBV5JJmJU,2025-04-17,NEW Options for Reference Lines in Power BI: SHADE AREA
HowToPowerBI,https://www.youtube.com/watch?v=EZDsC-x-KFU,2025-04-15,Real estate sales &amp; rent tracking in Power BI
HowToPowerBI,https://www.youtube.com/watch?v=iS9BKnGd7kA,2025-04-13,HR Hierarchy in Power BI Example
HowToPowerBI,https://www.youtube.com/watch?v=C-P3317U7QA,2025-04-12,Sales Report Demo in Power BI
HowToPowerBI,https://www.youtube.com/watch?v=Ga3dK7bwlW0,2025-04-10,Visual Calculations in Power BI
HowToPowerBI,https://www.youtube.com/watch?v=CJmlKfSQcAo,2025-04-09,NOW possible! Line chart and data table in ONE visual
HowToPowerBI,https://www.youtube.com/watch?v=CEAiZzLp6Rw,2025-04-08,"Revenue, Sales and Profits Report in Power BI | FREE Download"
HowToPowerBI,https://www.youtube.com/watch?v=PaX1qYeBB54,2025-04-07,NEW! Visual Annotations for Visuals embedded in Power Point slides
HowToPowerBI,https://www.youtube.com/watch?v=nwk9Gi9B_Mg,2025-04-06,New Secret Weapon for Power BI Designers | Style Presets
HowToPowerBI,https://www.youtube.com/watch?v=8yzLmMQpJHc,2025-04-04,Custom Drop Lines in Power BI | Labels on the side
HowToPowerBI,https://www.youtube.com/watch?v=igDhSdq7GVU,2025-04-02,Power BI Finally FIXED This... and It&#39;s a Game Changer!
HowToPowerBI,https://www.youtube.com/watch?v=G94nGtR3mTE,2025-04-01,NEW in Power BI | Reference lines got sooo much better!
HowToPowerBI,https://www.youtube.com/watch?v=lt9NL0KIWnk,2025-03-31,Sales report Example in Power BI✌️
